"","Estimate","Est.Error","Q1.5","Q2.5","Q5.5","Q25","Q75","Q16.5","Q10","Q90","Q94.5","Q98.5","Q97.5","sex","age"
"1",18543.4961969203,8135.62631328554,6038.54987092774,7205.1629507209,9430.04643751214,14279.0324455818,21225.7287999909,12883.1364876866,11238.0499166094,25945.6581771892,29408.861165502,41881.1525738362,35984.029444588,"F","Adolescent"
"2",20828.6866008967,10099.3354812505,5686.28958084775,6862.92577481441,9302.59024808716,15124.4214873339,24412.1216166061,13181.7012148798,11290.410547492,31051.9797924317,35655.8621600114,50057.9386674208,43240.8616423948,"M","Adolescent"
"3",17300.4940193663,8309.54684260683,5147.54519681886,6359.09842995251,8233.9694680845,12919.1533723374,19846.6648559438,11415.087156437,9840.41043620986,24807.1783417621,28992.8345591709,41828.829377118,36207.0910093152,"F","Adulte"
"4",28928.4468988581,15752.4348503943,7155.17144401911,8689.46737710583,11881.8298530582,20223.8003720265,33959.898184081,17571.285442041,14823.2319771949,44237.3375214797,52031.9862220605,76328.7345994363,65163.3805008197,"M","Adulte"
"5",20537.3351357385,9144.58496169096,6581.1701040609,7982.28485364583,10336.7805633507,15651.5957115684,23486.79766659,13984.9952354544,12203.1881042489,29167.8289356556,33639.6164188638,47265.0936289743,41630.9828601076,"F","Personne âgée"
"6",32488.7207705116,16300.0097194711,8571.12516207741,10397.4378884611,14151.4245463883,23064.4889181977,38340.4478494468,20183.9325778867,17143.0784956031,48991.6447032433,57139.3761001118,81585.5105306855,70472.2615377229,"M","Personne âgée"
