"","Mean","Median","Max","Min","SD"
"1",15.6305732484076,12,60,2,10.8629496302468
