"","Estimate","Est.Error","Q2.5","Q25","Q75","Q97.5","Q10","Q90","sex","age_group","region"
"1",18583.6370588852,12246.7344325764,5180.52447343868,10560.3810940192,22817.777311482,51024.182522345,7505.03785259992,33430.2416197027,"Women","Adolescent","avg"
"2",24827.0608285723,29610.6361827488,2876.11600422782,10569.7636009533,29073.319086926,92248.1167087834,6222.45215076645,47939.880820585,"Men","Adolescent","avg"
"3",23000.2695140809,13629.470712074,6871.47850413027,13684.7895527034,28658.1882940001,58915.4049470027,9861.3534079089,39934.0973984109,"Women","Adult","avg"
"4",31194.985724228,38112.9293871512,3828.54397068122,13621.5047738281,36400.3620425674,109700.827357614,7997.23546634292,58824.5379209485,"Men","Adult","avg"
