"","Estimate","Est.Error","Q2.5","Q25","Q75","Q97.5","Q10","Q90","sex","age_group","region"
"1",16450.187520854,4816.92295259299,8946.97665439219,13023.8751907772,19091.5957835152,27710.698480911,10937.5460419104,22788.8739196631,"F","Adolescent","Macao"
"2",13860.6215062228,3891.19010513303,7814.06359708699,11078.9101813548,16042.8637345632,22877.5239019732,9408.20771716949,18995.2248533393,"M","Adolescent","Macao"
"3",16721.089661752,3736.65106915853,10413.6072510359,14114.5880860375,18941.4129041028,24976.1200449861,12242.2362506404,21544.0168066738,"F","Adult","Macao"
"4",17936.1765916603,4144.28121944923,11004.5146569562,15059.9378968506,20356.0357386045,27279.9593376672,13078.2847367942,23297.3713517717,"M","Adult","Macao"
"5",21764.6483098949,8212.69994496863,10430.0554643641,15954.2818684778,25851.9154678825,41561.4182601617,13062.8278929862,32413.7012097273,"F","Adolescent","Minganga"
"6",30616.785487604,11479.8711992409,14585.1564957285,22605.0414452606,36378.1396838431,58369.9896673409,18319.7911188765,45068.7214259887,"M","Adolescent","Minganga"
"7",22151.5816658569,7313.67881300359,11819.1816885136,17063.1256481181,25838.3326809534,39854.5820221135,14347.0087402825,31576.7446206898,"F","Adult","Minganga"
"8",39620.4941669027,13378.7536264024,20670.6943266669,30251.582864889,46501.3452586789,71930.5696384967,25171.4199801694,56934.4168033836,"M","Adult","Minganga"
