"","Estimate","Est.Error","Q2.5","Q25","Q75","Q97.5","Q10","Q90","sex","age_group","region"
"1",14760.375206191,3970.21842552769,8491.21218886152,11904.1111368605,17011.2175411748,23936.2104237145,10167.2765698403,19909.7092607163,"F","Adolescent","Macao"
"2",15385.2620866261,4152.19174611323,8818.10508587864,12442.7587823759,17715.8696082951,24892.3728260201,10598.9154470978,20805.2460818426,"M","Adolescent","Macao"
"3",17159.4435629825,3957.25510510903,10786.434589079,14359.1882752439,19455.8087870074,26217.1871427407,12497.058599493,22417.5929791213,"F","Adult","Macao"
"4",17904.8421155948,4228.47971843908,11046.7105274166,14925.8433480121,20324.008949767,27661.6900475667,12975.9611158289,23460.0625806885,"M","Adult","Macao"
"5",19634.1398758865,7078.63952289255,9753.84363701143,14691.720335759,23078.3262699172,36847.3048108667,12045.3603641414,28949.3484577538,"F","Adolescent","Minganga"
"6",33678.7835897778,12421.5862701179,16261.7780181922,24965.4520338676,39687.8292183875,64013.2055778201,20401.4726197349,49946.9038448088,"M","Adolescent","Minganga"
"7",22845.4760751853,7640.89599749478,11919.7448314972,17494.1955410606,26625.5430034847,41554.068129375,14714.0841757347,32937.9327137414,"F","Adult","Minganga"
"8",39212.9220645249,13511.0982127192,19589.8503409556,29840.8505133084,46021.7343966158,72432.9059674544,24630.9861172562,56614.4074602573,"M","Adult","Minganga"
