"","Estimate","Est.Error","Q2.5","Q25","Q75","Q97.5","Q10","Q90","sex","age_group","region"
"1",13653.9759334865,7746.62364143053,4209.78901063283,8421.82147278955,16854.7431769673,34562.4234947646,6051.7480060138,23119.3192715667,"F","Adolescent","Macao"
"2",17014.4575759005,9721.07013027047,5160.74698228802,10517.4810526452,21071.9085089285,41263.8105405201,7585.86103761673,28734.9859506593,"M","Adolescent","Macao"
"3",16533.2228916762,8231.62187891822,5748.7799356868,10909.4295713595,20227.7961679886,36699.0610668187,8155.9750835059,26679.5914160421,"F","Adult","Macao"
"4",21492.8673877764,11120.9480398405,7273.95907702104,13838.0892778016,26539.237859928,49486.961760468,10320.3250625477,34995.0201661992,"M","Adult","Macao"
"5",24381.3251490589,14916.6990953899,7101.97885544148,14362.9656586808,30139.7818933334,62764.2377051474,10306.2564423045,42428.3161389785,"F","Adolescent","Minganga"
"6",28032.7649757616,17054.0061395356,8157.83654497901,16455.0399249045,34866.4777456,72439.6637779253,11745.8459631108,49418.0468110887,"M","Adolescent","Minganga"
"7",29388.9863144228,15639.3058110225,10237.3372134937,18667.6000308101,36136.5268021527,68352.8205864172,14074.2740153501,49006.05674477,"F","Adult","Minganga"
"8",35783.5520733714,21007.5896170086,10811.2067863217,21574.7092347695,44013.6741711757,89548.152828506,15682.0692126527,61689.5207331422,"M","Adult","Minganga"
