"","Estimate","Est.Error","Q2.5","Q25","Q75","Q97.5","Q10","Q90","sex","age_group","region"
"1",17254.2141300044,6342.74789171974,8955.09389383583,12960.7816511667,19931.9252551107,33385.8123080412,10815.8393864504,25417.997217903,"Women","Adolescent","avg"
"2",26307.3224463851,58226.9245439689,2060.99923074865,11873.7709286623,29331.3254769147,89169.6551139758,6441.67597983339,45952.8001642658,"Men","Adolescent","avg"
"3",20063.6633301107,6794.92371383288,11109.2083838159,15486.9415482299,22960.2523570986,37546.9159136878,13184.6360241775,28774.6136942427,"Women","Adult","avg"
"4",30660.9991922433,68022.8001530572,2474.52019971704,14098.9592453701,34325.0245648162,104480.417856866,7506.5224794702,52914.5054125124,"Men","Adult","avg"
