"","Estimate","Est.Error","Q2.5","Q25","Q75","Q97.5","Q10","Q90","sex","age_group","region"
"1",14160.6451430398,12083.3619735878,2355.6140313395,6518.69800656083,17769.2904489241,45544.5767049685,4123.40640173602,27892.7194783344,"F","Adolescent","Macao"
"2",54031.8210346943,39498.2959366638,11495.0729616652,27803.7250661944,68500.7703612488,158055.59787127,18137.6845244715,100832.585289542,"M","Adolescent","Macao"
"3",15693.5337554623,9269.60454059458,4430.8513354893,9300.70028129743,19647.1015370547,39642.7239579835,6553.97162112165,27629.3277462658,"F","Adult","Macao"
"4",60596.1654732811,29411.5847949115,21491.0764484671,39986.2013993137,74610.9804337437,133920.769571507,30000.2352411254,98034.3537248943,"M","Adult","Macao"
"5",38797.4366944612,29049.2873968397,7969.43423260934,19871.3263234057,48865.0633399197,114932.152422185,12935.0311148982,72046.9451005498,"F","Adolescent","Minganga"
"6",38238.1022019395,31479.0173801007,6690.34515525447,18183.106138804,48554.0852189765,116927.147993832,11296.9658665752,74741.2239734461,"M","Adolescent","Minganga"
"7",43030.7600078022,20404.5621683246,15946.8916149197,28987.798289907,52276.7154898864,92592.6790468307,22018.5985536651,68665.3990079412,"F","Adult","Minganga"
"8",41732.7850425594,21863.040011371,13220.9634713937,26833.8486676047,51502.7934173064,95654.5339269607,19393.9432247976,68938.982809379,"M","Adult","Minganga"
