"","Estimate","Est.Error","Q2.5","Q25","Q75","Q97.5","Q10","Q90","sex","age_group","region"
"1",45207.3845789195,35464.7027664433,8693.37359463815,22317.1683195564,56739.9163719059,139249.619894393,14181.0841056844,86426.620664774,"Women","Adolescent","avg"
"2",38350.9609526996,31198.2871816422,8041.57070268108,19468.5043126896,47498.0448136018,115885.520638801,13088.7804496996,71295.8145557826,"Men","Adolescent","avg"
"3",27967.6713874518,12770.3098431023,9801.43589736313,19071.7597055919,34228.7262199066,58494.78564905,14193.1512603698,44244.9984184058,"Women","Adult","avg"
"4",61720.9993976085,29288.5172996389,22087.5018630738,41582.2648508796,75188.5851056995,136009.575775157,31267.2652012631,98794.2171225628,"Men","Adult","avg"
