"","Estimate","Est.Error","Q2.5","Q25","Q75","Q97.5","Q10","Q90","sex","age_group","region"
"1",43116.2571607349,148082.205589299,76.4918695424664,9112.82649586638,47277.2423758497,170894.324063955,1051.33038814522,82509.5920893419,"F","Adolescent","Macao"
"2",36250.5125502969,122493.805639306,68.3113661961166,7872.45034557829,39939.7911017516,142653.415291107,946.429395702043,68789.169500903,"M","Adolescent","Macao"
"3",27176.4754979967,107052.483992787,55.528542650741,7449.53356779801,30708.1320463072,90367.3303403263,783.679322856131,45677.9015619662,"F","Adult","Macao"
"4",59714.7427942256,244826.663755582,127.134204938146,16755.3166892502,66918.4426153603,190321.068406516,1664.1348581228,101377.812374012,"M","Adult","Macao"
"5",43116.2571607349,148082.205589299,76.4918695424664,9112.82649586638,47277.2423758497,170894.324063955,1051.33038814522,82509.5920893419,"F","Adolescent","Minganga"
"6",36250.5125502969,122493.805639306,68.3113661961166,7872.45034557829,39939.7911017516,142653.415291107,946.429395702043,68789.169500903,"M","Adolescent","Minganga"
"7",27176.4754979967,107052.483992787,55.528542650741,7449.53356779801,30708.1320463072,90367.3303403263,783.679322856131,45677.9015619662,"F","Adult","Minganga"
"8",59714.7427942256,244826.663755582,127.134204938146,16755.3166892502,66918.4426153603,190321.068406516,1664.1348581228,101377.812374012,"M","Adult","Minganga"
