"","Estimate","Est.Error","Q2.5","Q25","Q75","Q97.5","Q10","Q90","sex","age_group","region"
"1",19056.3837259171,7160.80693660229,9469.09455211249,14105.4154769648,22312.1912589179,37301.4593024259,11642.7021708922,28407.4746799411,"Women","Adolescent","avg"
"2",29330.851938417,71625.6310622096,2349.30940910774,10945.294046902,27419.366227115,106125.407847813,6080.09275219717,44486.8694153005,"Men","Adolescent","avg"
"3",19384.2302438113,6356.55533965989,10841.5864170868,15152.0224187238,22130.0100864796,35294.7916012813,12916.3361180675,27563.6591492677,"Women","Adult","avg"
"4",38720.4330139064,100828.278502452,3066.25134621294,14634.7803159864,35560.0095043764,135595.594954258,8111.75052913927,56539.3010201459,"Men","Adult","avg"
