"","Estimate","Est.Error","Q2.5","Q25","Q75","Q97.5","Q10","Q90","sex","age_group","region"
"1",18931.0571903257,12401.4379013305,5150.75949425326,10722.9697974771,23554.3837530892,50808.9375566853,7627.25432965592,33938.9827067775,"Women","Adolescent","avg"
"2",22460.0178084219,14854.5294382867,6093.90640744256,12664.8303889121,27782.6417497948,60882.9636042941,9046.68931603982,40629.4915388225,"Men","Adolescent","avg"
"3",22900.5267601008,13631.9080908913,7103.34523826503,13755.5101439806,28190.5915480442,57247.3579836975,9981.97554620442,39333.954404838,"Women","Adult","avg"
"4",28911.0804920782,17827.2983137136,8497.61152896029,17040.3645378382,35607.7374322248,74482.4292360869,12236.0084847353,50530.0176305932,"Men","Adult","avg"
