"","Estimate","Est.Error","Q2.5","Q25","Q75","Q97.5","Q10","Q90","sex","age_group","region"
"1",13375.2075766161,7014.48110650582,4504.41211700584,8608.90299795998,16434.6855849434,31174.5346889247,6328.95888551979,21833.3132442493,"F","Adolescent","Macao"
"2",17586.3320080183,17163.3637478847,2419.36728742444,8585.68177136779,21050.9730803739,56480.6474221524,5135.22773627157,31913.6273441485,"M","Adolescent","Macao"
"3",16695.3707827482,8052.02826487778,6136.40510365587,11123.5826839489,20429.8040598639,36361.3819594649,8394.06174441806,26854.1603220811,"F","Adult","Macao"
"4",22244.0831620553,22366.7863290669,3078.7009189024,10930.9981935006,26389.7480764341,71786.6012766728,6635.24245898,40073.9366251871,"M","Adult","Macao"
"5",23692.8687406927,13839.2574640789,7432.09618974883,14298.9377827366,29139.9791413265,59821.9421980754,10513.5807131002,41031.0255150039,"F","Adolescent","Minganga"
"6",32007.106579965,36801.0908820827,3880.09317648341,14189.798337025,37367.9606427756,115871.087703517,8506.09417078727,59651.4912224411,"M","Adolescent","Minganga"
"7",29157.0422815739,14903.6784245004,10423.9778385964,18771.980755832,35912.7225230335,67019.1708399033,14393.2339814213,48044.5354165205,"F","Adult","Minganga"
"8",39970.8792117678,46853.8372885417,5258.16287374,18415.1037990352,46569.0663905792,138915.637644893,11154.1965029215,72765.2423180672,"M","Adult","Minganga"
