"","Estimate","Est.Error","Q2.5","Q25","Q75","Q97.5","Q10","Q90","sex","age_group","region"
"1",26374.7067738403,24921.7295411188,3020.470028433,9905.6988081681,34455.8804772933,91440.6973491011,5684.7915018757,55702.4561381306,"Women","Adolescent","avg"
"2",55495.2134291307,135945.746854839,1503.91362891849,10995.8742235144,58744.4072738597,280926.438231206,4634.89820726419,118982.020459891,"Men","Adolescent","avg"
"3",29443.012542571,21152.5857823835,5330.60321641318,13344.9160734483,39945.502663563,82812.8205843254,8437.91542869776,56782.6636768212,"Women","Adult","avg"
"4",61545.7527285492,139361.878105507,2220.69041413564,15052.6016359346,68261.4255577077,288345.338274511,6481.3380718129,129305.03169457,"Men","Adult","avg"
