"","Estimate","Est.Error","Q2.5","Q25","Q75","Q97.5","Q10","Q90","sex","age_group","region"
"1",0.055513650724301,0.0533955452859303,0.00259796822464447,0.0175837658884835,0.075660858771183,0.199299873970619,0.00760407787419476,0.125157715991222,"Women","Adolescent","avg"
"2",0.0643224013491864,0.116347060723703,0.000567738453171669,0.00680235597026134,0.0641776240009607,0.410126113774248,0.00221275269687089,0.173427805073897,"Men","Adolescent","avg"
"3",0.0560949352209257,0.0461413624245065,0.00353587304675737,0.0220439369746029,0.0769328848498671,0.17681544438475,0.0099502948954354,0.118964838875036,"Women","Adult","avg"
"4",0.0665328682606799,0.115286403029443,0.000706939641587081,0.00784747168876617,0.0683608291437776,0.42333771531607,0.00264184871739108,0.176266183413813,"Men","Adult","avg"
