"","Estimate","Est.Error","Q2.5","Q25","Q75","Q97.5","Q10","Q90","sex","age_group","region"
"1",0.0666200147547369,0.0592365711632619,0.00497829271660154,0.0243066545430233,0.090519723562551,0.225161922071744,0.0118435365445233,0.144385444848485,"F","Adolescent","Macao"
"2",0.0144289436099022,0.0262038323520459,1.15861355205226e-07,0.000672320944054772,0.0163505696685239,0.0883823811318793,4.22134913952177e-05,0.0402619400789756,"M","Adolescent","Macao"
"3",0.0654637936823791,0.0473628527587212,0.00780798805123203,0.0306614669218036,0.0883713373830606,0.184355015057444,0.0168609462366539,0.128464954187112,"F","Adult","Macao"
"4",0.0118539733908628,0.021218866756356,1.1673438127578e-07,0.000584521606170344,0.0134124716021478,0.0750385324358312,4.02368316164849e-05,0.0322967995146651,"M","Adult","Macao"
"5",0.0444464715558098,0.046638961006102,0.00157961915989043,0.0123464330961548,0.0601100566751562,0.176112774409858,0.005138938835288,0.104272074956943,"F","Adolescent","Minganga"
"6",0.0114966837634136,0.02320338545071,4.84636154859727e-08,0.000361952417852706,0.0116487254411754,0.0796394580388566,1.76206322946876e-05,0.0321460851632357,"M","Adolescent","Minganga"
"7",0.0446571699097014,0.0408338638376953,0.00198820283218963,0.0150848739697854,0.0612275168936797,0.153995189442084,0.00638601812761084,0.0987689726021535,"F","Adult","Minganga"
"8",0.0102119851672107,0.0213748810760262,4.53839990275693e-08,0.00029966884849793,0.0102354005077391,0.069059483833882,1.65471099203803e-05,0.0281379485343884,"M","Adult","Minganga"
