"","Estimate","Est.Error","Q2.5","Q25","Q75","Q97.5","Q10","Q90","sex","age_group","region"
"1",0.110350975964178,0.0835483882707914,0.00798554512363932,0.0425174312490503,0.160397085676556,0.306820473860667,0.0201339624158824,0.229723962666789,"Women","Adolescent","avg"
"2",0.0803272944197988,0.111634993071015,0.00215234140787217,0.0165509747635904,0.0956039348640126,0.414042706079098,0.00667160681672865,0.190994416831545,"Men","Adolescent","avg"
"3",0.0389720005770023,0.0274180571713205,0.00282705225189896,0.014968979288547,0.0576272526085484,0.0990610315460862,0.00721995062984203,0.0767809016991832,"Women","Adult","avg"
"4",0.0806891774928286,0.113156574956433,0.00326328750376174,0.0188157232319736,0.0909723980202566,0.445757875636255,0.00847705650402326,0.177874516301736,"Men","Adult","avg"
