"","Estimate","Est.Error","Q2.5","Q25","Q75","Q97.5","Q10","Q90","sex","age_group","region"
"1",0.813284163132245,0.0812315907880629,0.630135555916222,0.764153940346936,0.873785296162255,0.939936971754388,0.702277160837594,0.909913221075161,"F","Adolescent","Macao"
"2",0.738459373030859,0.102395406820544,0.518573456807424,0.671360917135614,0.815943421356556,0.91026102129891,0.601830826213664,0.867094134768527,"M","Adolescent","Macao"
"3",0.637006126631835,0.0968898494260524,0.454174035559062,0.569445113356356,0.704394965930275,0.826772345978377,0.514995726809653,0.76874014549802,"F","Adult","Macao"
"4",0.506137269939726,0.109241873426713,0.316791142881062,0.427385905269244,0.576232272297988,0.744124580938959,0.373238028667264,0.6551992222008,"M","Adult","Macao"
"5",0.813284163132245,0.0812315907880629,0.630135555916222,0.764153940346936,0.873785296162255,0.939936971754388,0.702277160837594,0.909913221075161,"F","Adolescent","Minganga"
"6",0.738459373030859,0.102395406820544,0.518573456807424,0.671360917135614,0.815943421356556,0.91026102129891,0.601830826213664,0.867094134768527,"M","Adolescent","Minganga"
"7",0.637006126631835,0.0968898494260524,0.454174035559062,0.569445113356356,0.704394965930275,0.826772345978377,0.514995726809653,0.76874014549802,"F","Adult","Minganga"
"8",0.506137269939726,0.109241873426713,0.316791142881062,0.427385905269244,0.576232272297988,0.744124580938959,0.373238028667264,0.6551992222008,"M","Adult","Minganga"
