"","Estimate","Est.Error","Q2.5","Q25","Q75","Q97.5","Q10","Q90","sex","age_group","region"
"1",0.766000834167394,0.0852277292106572,0.575498366982454,0.712574450021756,0.829126242332518,0.905496329711549,0.651593020636272,0.868360689558564,"Women","Adolescent","avg"
"2",0.679653561278474,0.103046608734117,0.458732194009291,0.613931929462316,0.75373993939883,0.857099999072369,0.539265840217264,0.80730617300935,"Men","Adolescent","avg"
"3",0.565839409551794,0.0818041706342276,0.39981555972283,0.510655982851434,0.623197334303085,0.717905753233304,0.457437700870148,0.669835949255071,"Women","Adult","avg"
"4",0.430246502960854,0.0836125173365804,0.27030236284291,0.372051522865,0.487430425274801,0.595010915856683,0.321469332358931,0.537937109429136,"Men","Adult","avg"
