"","Estimate","Est.Error","Q2.5","Q25","Q75","Q97.5","Q10","Q90","sex","age_group","region"
"1",0.164476329311428,0.0777689172073109,0.0441259920918801,0.106922625304752,0.210792483719382,0.344764274170581,0.0735106958489444,0.270611908004442,"F","Adolescent","Macao"
"2",0.0779378641065196,0.0538672206444711,0.0110670974251386,0.03811426811848,0.104710681760058,0.21287675955624,0.0221137606374871,0.150368147472957,"M","Adolescent","Macao"
"3",0.0587825557112544,0.0219651620438257,0.0235551396493375,0.0428822142036414,0.0719314863909437,0.108749884292919,0.0329998194447837,0.0876977053563498,"F","Adult","Macao"
"4",0.0709258669149408,0.0267020928568294,0.0284705875765858,0.0514110645366161,0.0870964170005064,0.13126327241191,0.0399736167108194,0.106668421131941,"M","Adult","Macao"
"5",0.0571556361344181,0.0453180834766437,0.00584345925305054,0.0240688590008188,0.0775486459158981,0.175095887431568,0.0125797269343465,0.117495166330021,"F","Adolescent","Minganga"
"6",0.025113353249902,0.0261419021948907,0.00125572158007077,0.00756795544676866,0.033548138832007,0.0980976375276011,0.00342437627304143,0.0580527477726437,"M","Adolescent","Minganga"
"7",0.0192191672300546,0.0145780225018062,0.00205515340353546,0.00869369374249191,0.0258106463985378,0.0570975352449481,0.00469947850416682,0.0387142364761171,"F","Adult","Minganga"
"8",0.0228753687672456,0.0183731394963629,0.00193272980481825,0.00957335526467975,0.0311628711632836,0.0705136798972319,0.00485770347423743,0.0472578663439284,"M","Adult","Minganga"
