"","Estimate","Est.Error","Q2.5","Q25","Q75","Q97.5","Q10","Q90","sex","age_group","region"
"1",0.769390386026012,0.0934045303255021,0.558593789688617,0.711585843087707,0.840470754511627,0.915620804862371,0.639861330059197,0.88131951534455,"Women","Adolescent","avg"
"2",0.701828946645825,0.151983892472414,0.351280457830837,0.612402676850734,0.813331876804418,0.945231973856383,0.496021858756882,0.885247536798908,"Men","Adolescent","avg"
"3",0.560500710039292,0.109090909999844,0.342931791120808,0.484033331749939,0.640317862256868,0.759727152762221,0.413261442877951,0.700550209171884,"Women","Adult","avg"
"4",0.488236223416707,0.170825621400894,0.170329757764228,0.371341638665823,0.596910087623145,0.846270376111613,0.275897105490046,0.72389611424841,"Men","Adult","avg"
