"","Estimate","Est.Error","Q2.5","Q25","Q75","Q97.5","Q10","Q90","sex","age_group","region"
"1",0.821027639206228,0.065178605774002,0.67509345738632,0.781736943266287,0.868670820686957,0.926713962770761,0.733401166213927,0.899004812387897,"F","Adolescent","Macao"
"2",0.670290200933039,0.0902631598406569,0.480816115009231,0.610513971168303,0.735116900632608,0.83143634097743,0.54875053426696,0.783501345547014,"M","Adolescent","Macao"
"3",0.633139594092625,0.0757003686101328,0.485230499845443,0.581757114255371,0.685078144116631,0.780460181591682,0.535166931466233,0.73147373200912,"F","Adult","Macao"
"4",0.430283400552201,0.0805027023509459,0.27553979645293,0.37443090294212,0.48514505356477,0.58825447743019,0.325400348064096,0.535221173284196,"M","Adult","Macao"
"5",0.717087924276344,0.0872822818033191,0.528508693191225,0.661440991491565,0.780529240480996,0.86656039843968,0.600520386180873,0.824018597221333,"F","Adolescent","Minganga"
"6",0.676340268747739,0.095208364203236,0.475854120603185,0.61315443718835,0.744659161687801,0.845825473338437,0.548881409286112,0.79662084307779,"M","Adolescent","Minganga"
"7",0.486473377235762,0.0847140087054084,0.319132232068052,0.427925903264627,0.546172877478064,0.6433682747017,0.374304118353173,0.596063591839985,"F","Adult","Minganga"
"8",0.438333538926302,0.0858282542925273,0.276129857677461,0.37883084156796,0.495425452656622,0.611218637291594,0.329817321891456,0.551159043148043,"M","Adult","Minganga"
