"","Estimate","Est.Error","Q2.5","Q25","Q75","Q97.5","Q10","Q90","sex","age_group","region"
"1",0.121242711340683,0.0546656250599186,0.0387241327899526,0.0807830260871946,0.151612121824929,0.248944114397528,0.059152633302389,0.197037661309652,"F","Adolescent","Macao"
"2",0.111861380973394,0.0523994754873058,0.0353502267789614,0.0733996246142922,0.141145273432514,0.236889614580022,0.052462705975059,0.182873002481695,"M","Adolescent","Macao"
"3",0.0690218035062067,0.0227140133156281,0.032409356566271,0.0528952504959596,0.0823008180146908,0.12104049529396,0.0423075758282508,0.0991394753796126,"F","Adult","Macao"
"4",0.0636520451198234,0.0229601743140494,0.0263378145365054,0.0470608237341442,0.0775043075776005,0.114805295120305,0.0365708009639395,0.0943584812920356,"M","Adult","Macao"
"5",0.0412442428626422,0.0323599450889351,0.00471092148322262,0.0181911279590071,0.0551214539662519,0.124059006041391,0.0100716605619452,0.0837517795747765,"F","Adolescent","Minganga"
"6",0.0364280807074863,0.0303952434760477,0.00333980565836426,0.014673669956587,0.0492743576722543,0.117154725130791,0.00766508155774924,0.0762701338709048,"M","Adolescent","Minganga"
"7",0.0227047980615171,0.0158725770244252,0.00286695923612966,0.010952333382331,0.0305978167974274,0.062363671552495,0.00629308498905953,0.0443291046073591,"F","Adult","Minganga"
"8",0.0201416507617605,0.0157330215754032,0.00200032825431414,0.00885229719834835,0.0272043156953532,0.0607444489223149,0.00466699325927158,0.0406915326160068,"M","Adult","Minganga"
