"","Estimate","Est.Error","Q2.5","Q25","Q75","Q97.5","Q10","Q90","sex","age_group","region"
"1",0.0807937376040892,0.0598187043279554,0.00672650830778429,0.0318266497450998,0.117449068331202,0.22177678623099,0.0155185766729178,0.163573775149227,"Women","Adolescent","avg"
"2",0.0879614841182008,0.0824457399138193,0.00560503219698286,0.0290802803547907,0.120426750059289,0.308779051721441,0.013740626769111,0.191299645887763,"Men","Adolescent","avg"
"3",0.045442515408203,0.0300415605055761,0.00436043580212033,0.0187928229585856,0.066946292904149,0.108950894286196,0.00948246364919496,0.0858210662741309,"Women","Adult","avg"
"4",0.0511090729347118,0.0493204885130546,0.00365131490189049,0.0172185624475876,0.0688024706083048,0.180331600908836,0.00828360539031458,0.104617294621614,"Men","Adult","avg"
