"","Estimate","Est.Error","Q2.5","Q25","Q75","Q97.5","Q10","Q90","sex","age_group","region"
"1",0.0487475455991959,0.0479198916706556,0.00218860464350456,0.0153180750353371,0.0661274509650955,0.17821346762311,0.00674627656077965,0.110182502984416,"Women","Adolescent","avg"
"2",0.0214681673676582,0.0285995886698905,0.00042548290322814,0.00414807680268912,0.0270985732295221,0.103694314160485,0.0015356444581611,0.0532057012944925,"Men","Adolescent","avg"
"3",0.0513937621105557,0.0427331452034639,0.00336460126098011,0.0203127733179262,0.0706903425654001,0.161968116956874,0.00941807837796687,0.107232484331791,"Women","Adult","avg"
"4",0.0158333347336315,0.0221639551626908,0.000226719676253772,0.00253269743087542,0.0199448240452546,0.0785314326348105,0.000812196480026407,0.0408682661659231,"Men","Adult","avg"
