"","Estimate","Est.Error","Q2.5","Q25","Q75","Q97.5","Q10","Q90","sex","age_group","region"
"1",0.0669483974319888,0.0573637567337625,0.00517984737026219,0.0255600058385357,0.0905908438734381,0.218475451625744,0.0124374638456007,0.144772370305118,"F","Adolescent","Macao"
"2",0.0754507480915861,0.124438936762313,0.001034299714304,0.00961764328849745,0.0810902800057919,0.466055991327544,0.00340048200755903,0.203641186400291,"M","Adolescent","Macao"
"3",0.0667436768677648,0.0473836862968611,0.00841693256659398,0.0317264453762941,0.0900737910686347,0.186544564647146,0.0176672775919658,0.130709450411961,"F","Adult","Macao"
"4",0.0772003215145477,0.123047048486019,0.00148858767533444,0.0111812544538816,0.0849567022392195,0.471238601080151,0.00423316232910571,0.200702351909655,"M","Adult","Macao"
"5",0.0439457070928273,0.0459044128880628,0.00167076858618039,0.012423616646773,0.0588802201530022,0.171440398552982,0.00528745272371003,0.102940006620431,"F","Adolescent","Minganga"
"6",0.0531756419453009,0.104634001841689,0.000389222554005343,0.00474321931549588,0.0497311105858075,0.359610383395463,0.00153370673469497,0.139709084625006,"M","Adolescent","Minganga"
"7",0.0449534941620913,0.0417064092835625,0.00221850030166678,0.0151093074995499,0.0614017886828813,0.156052702835703,0.00664802160787202,0.0997231347932469,"F","Adult","Minganga"
"8",0.0553966855614414,0.105229683701883,0.000478959817228455,0.00545209847384354,0.0543801916051365,0.366044944921938,0.00179213201922681,0.144677548653444,"M","Adult","Minganga"
