"Region","men_mean","men_median","women_mean","women_median","t_statistic","t_p_value","wilcox_statistic","wilcox_p_value","men_n","women_n"
"Betou",12558.1320873313,16786.1996039867,19253.1056676353,15634.5690997679,-1.317834254888,0.207667692725737,43.5,0.474841190863825,9,12
