"","Estimate","Est.Error","Q1.5","Q2.5","Q5.5","Q25","Q75","Q16.5","Q10","Q90","Q94.5","Q98.5","Q97.5","sex","age","region"
"1",11312.6170541669,10762.102270281,953.065002391794,1643.77151261967,3189.53468783457,7246.70935594944,13428.2179031194,5910.31339846945,4535.63434476107,17737.945751076,21274.7281008811,32084.8296214405,27135.3581334996,"F","Adolescent","avg"
"2",11186.2261171783,10297.4012475315,803.132670494167,1369.44416727507,2719.90644734725,6603.00723233813,13314.6303874076,5275.13579079562,3995.61243134111,18432.9223036202,22594.7863814437,35979.25542063,29783.6850145751,"M","Adolescent","avg"
"3",10517.2004026204,11772.7381645923,870.779381155888,1432.59129968726,2749.3777624318,6610.02433715471,12329.9149845038,5334.37799590356,3989.21512879349,16465.3968624837,19826.902884323,31566.622535743,25878.7696988917,"F","Adulte","avg"
"4",16530.9621467846,16219.0794068407,1150.63658221092,1932.21745958812,3728.27810012389,9532.46705307673,19640.0541181529,7606.27222817655,5616.84898580481,27275.1229773743,33508.181081285,56698.5394600535,44674.6228628426,"M","Adulte","avg"
"5",11414.342175966,12919.0740303677,800.816685308977,1287.75076673966,2394.94200513769,6354.78986915305,13456.7827084177,4979.01767392044,3656.60159294773,19120.5550762955,23966.338771222,39053.0508406976,32699.7333870566,"F","Personne âgée","avg"
"6",16554.532659934,18133.8107939475,956.413317885642,1624.49089026716,2958.0702209645,8395.77077449393,19710.5668529084,6550.03198700555,4702.80192909046,29022.1921041068,37173.7680449313,63167.7372976397,51357.1583980687,"M","Personne âgée","avg"
