"","Estimate","Est.Error","Q1.5","Q2.5","Q5.5","Q25","Q75","Q16.5","Q10","Q90","Q94.5","Q98.5","Q97.5","sex","age","region"
"1",31315.6924813991,13587.8361181666,9002.99045239578,11139.9257609714,15040.8971546931,23714.6439509973,36306.5695255043,21059.3503270982,18410.3201488486,44910.3401082343,51512.1036360779,71581.5889393407,62492.1114149217,"F","Adolescent","avg"
"2",35524.4435405694,16051.1479221482,10184.3864785309,12676.7506136829,16825.392515138,26835.724775188,41164.6523783517,23707.662714945,20480.6472252497,50916.0414666286,58842.7947957225,83585.9513163145,73522.7077747783,"M","Adolescent","avg"
"3",37304.5889566552,15509.0888035999,10933.9513394835,13747.1591713554,18320.5771808553,29503.580368949,42292.4185937942,26332.9770100008,22746.4263302946,51440.170361134,59193.1826422773,84877.5454040615,72266.8644654588,"F","Adulte","avg"
"4",63202.0433819055,26260.7531686558,18463.5218067846,22962.1337761954,31429.7145634926,49876.0858386773,71903.5146899659,44690.7887532138,38649.6299316304,87369.3313629084,100533.579927474,144519.492901168,122939.963634703,"M","Adulte","avg"
"5",43012.8204386387,18216.8298455502,12129.9737943019,15686.8518621833,21332.3202374267,33292.4312036453,49236.6603319704,29753.3325055039,25779.4272942341,60590.7481457735,69521.0164351233,98978.9662427851,85536.8980526361,"F","Personne âgée","avg"
"6",94286.1018234466,42312.8787701224,26645.0296197304,33548.7924650069,44694.1515337156,70945.6603206918,109352.828877426,63036.4191303033,54599.7501039949,136712.81080294,156866.154411342,223943.527453481,189467.753024378,"M","Personne âgée","avg"
