"","Estimate","Est.Error","Q1.5","Q2.5","Q5.5","Q25","Q75","Q16.5","Q10","Q90","Q94.5","Q98.5","Q97.5","sex","age","region"
"1",23619.0379322121,10446.1945095516,7270.08249208021,9193.00784724619,12331.8694767619,19292.4823954233,26514.4666669746,17431.9567384944,15062.7791706183,30872.2564599625,34622.2870881238,50311.483778205,42734.619657496,"F","Adolescent","avg"
"2",39667.9659239465,34407.9066641026,7289.6578395338,9693.76265288298,14424.7213879969,27324.3636773615,44720.6634070803,23373.8856797641,19019.9459732534,57374.9788046045,68751.9757076372,112662.825858395,92095.4606956507,"M","Adolescent","avg"
"3",40739.0981597265,36135.2760200971,4688.42716415483,6521.40090933811,11147.4990971547,26132.493811478,46277.9597178274,21541.8734965477,16325.5977200431,62412.665980889,77140.8291357056,135453.336845191,106798.952885093,"F","Adulte","avg"
"4",66877.7287338708,76949.5761075845,5345.72666003047,7912.48581061298,14925.8095118354,38590.0779933526,75359.6098326808,30985.8740327057,22932.7948834467,105015.85012559,134395.591719925,250389.097183228,196793.323911756,"M","Adulte","avg"
"5",52570.0074894484,50445.7952059502,8114.07728474769,10435.3750371997,16440.4021215884,33744.5978204805,58605.6402472044,28671.6205879981,22704.0600644581,80947.6790105561,100236.587568296,180172.230341952,138567.136725952,"F","Personne âgée","avg"
"6",86364.1971494648,99096.2718327611,8764.0225792769,12648.7751492904,22257.330358518,50159.1759597588,95465.1608978263,41109.3696794654,31133.9737931996,136812.537506636,176217.064387691,341747.456976054,260207.640485119,"M","Personne âgée","avg"
