"","Estimate","Est.Error","Q1.5","Q2.5","Q5.5","Q25","Q75","Q16.5","Q10","Q90","Q94.5","Q98.5","Q97.5","sex","age","region"
"1",26955.7343113243,12825.581259713,4539.75370182851,7073.93924036704,12060.9809420571,21408.7923126325,31051.9557377617,18934.7331017188,15945.1580526895,36884.260898326,41323.2901878902,57618.4084155252,50818.443435034,"F","Adolescent","avg"
"2",29428.9303652049,19230.6756872682,3318.64737010366,5344.12990519842,9916.79546122057,20470.649873714,34416.9734703851,17411.178272661,13983.3482073253,44524.2161891215,52268.9967982902,80189.0726405536,65301.2291177385,"M","Adolescent","avg"
"3",40314.823558801,34724.4469179814,1866.82289987369,3177.37437867762,7536.56042270147,23897.1799000321,47507.1437200562,18742.4457769653,12734.2051229684,67487.9042327086,84427.2223404313,139983.505918445,114338.289340914,"F","Adulte","avg"
"4",68356.6371477848,88478.0870094258,2132.63113391794,3900.33325746955,8871.3866367619,33044.2618658446,78901.6061906425,23997.1355859321,15621.6827430393,118029.785162159,153762.281156743,293805.37671524,226656.214376826,"M","Adulte","avg"
"5",53703.751466211,128910.361417472,4973.8198899624,7173.46677277801,12639.7352170002,30561.6526026525,55051.4124448773,24898.7694138783,18573.1750774671,79503.7185420431,100609.141032288,179971.305663415,144933.857093461,"F","Personne âgée","avg"
"6",150029.870224736,938570.242777965,5122.63107205332,7977.71814597732,14837.8895848122,48460.2763676777,134812.256606885,35877.455501276,24492.948742258,228152.124574424,317069.237337808,718166.243249982,529306.262661319,"M","Personne âgée","avg"
