"","Estimate","Est.Error","Q1.5","Q2.5","Q5.5","Q25","Q75","Q16.5","Q10","Q90","Q94.5","Q98.5","Q97.5","sex","age","region"
"1",11438.8237305896,8587.67293591005,1311.65551142208,1969.30164194642,3286.4265952357,7391.22330804202,13665.5623347173,6032.40007069384,4644.08316160328,18292.536335955,21922.1760433109,33609.6405364868,27898.8508448328,"F","Adolescent","avg"
"2",10983.8407378644,10071.3915725744,1094.5768887437,1607.70336609234,2790.31368408394,6531.18976472217,13166.6988985574,5287.62352724057,4008.446147613,18317.8527203992,21966.1796998376,34739.4075541779,28835.1105887517,"M","Adolescent","avg"
"3",10463.6345706377,8056.69875552289,1175.03651027942,1796.90921574918,2989.4180798482,6722.81786435545,12380.4282225423,5478.5899807692,4266.37797748819,16597.4500450047,19942.2237197042,31222.728423887,25971.1778199868,"F","Adulte","avg"
"4",16896.543315256,18389.8541599442,1415.55926221311,1983.48392914124,3582.25945976144,9064.01958158763,19953.1580592705,7067.06970001549,5273.92140500734,28943.1104647863,36174.926529901,63867.8023353904,50795.7837944033,"M","Adulte","avg"
"5",11737.4481428713,10222.8756040342,1116.35399510849,1619.15580961661,2731.75085247067,6732.64492339788,14115.3517023697,5354.86252438809,3994.32309190908,19895.2507519652,24277.8220475971,39435.1367632296,31669.8576415334,"F","Personne âgée","avg"
"6",15818.8908315071,25529.6271044443,676.608222774497,1025.13012806795,1806.6004605569,5851.50706753372,18118.9367903201,4205.31286159949,2845.18216557045,30253.8052109766,40789.0762975658,78906.3388181128,60545.209674461,"M","Personne âgée","avg"
