"","Estimate","Est.Error","Q1.5","Q2.5","Q5.5","Q25","Q75","Q16.5","Q10","Q90","Q94.5","Q98.5","Q97.5","sex","age","region"
"1",11346.5991779077,6508.46261419364,2092.51552633106,2835.56932333118,4286.30020752278,7827.5468444475,13495.5425292701,6684.90457732081,5499.84710851081,17402.9923782514,20464.2382696501,27929.3533314467,24753.6723461643,"F","Adolescent","avg"
"2",10903.4424474999,6258.63090843119,1977.54869433801,2687.33327391642,3998.57384287809,7448.64684162367,12974.2821902848,6347.17421097455,5225.22294830683,16780.2326268158,19730.51451944,27793.7161437102,24357.0033622639,"M","Adolescent","avg"
"3",10258.4575765814,5717.9818493444,1920.23807891951,2575.94545587946,3930.25961218158,7250.22710416555,12131.9711339831,6168.6128736591,5056.51457741245,15433.2516114153,18063.4015391837,26050.9146933628,22142.8166241132,"F","Adulte","avg"
"4",16313.5904051888,9181.45734994099,3100.73145190518,4047.51362479188,6238.05433666522,11484.0219728693,19279.005582919,9796.71662966378,8078.13861682599,24561.2841477861,28814.9659148481,42024.510009777,35470.2101489243,"M","Adulte","avg"
"5",12171.8379541972,6945.2850793738,2279.08159369145,2969.68504471497,4599.90150272176,8478.99069333778,14431.2111643063,7237.19833763159,5943.22302034628,18495.5834888753,21782.7729243686,31133.8246967381,26363.296603604,"F","Personne âgée","avg"
"6",17705.752892853,10458.800876829,3276.12751706646,4262.39780641516,6527.90202228799,12054.6804076429,21134.0388205051,10259.4103642135,8408.23152159635,27417.7429531732,32018.9290479802,45510.1732222825,39425.8498972206,"M","Personne âgée","avg"
