"Region","men_mean","men_median","women_mean","women_median","t_statistic","t_p_value","wilcox_statistic","wilcox_p_value","men_n","women_n"
"Betou",13827.6858503255,16786.1996039867,24870.2402290546,20030.300121231,-2.11473994652914,0.0605704059432536,18,0.0907971095104747,8,9
