"Region","men_mean","men_median","women_mean","women_median","t_statistic","t_p_value","wilcox_statistic","wilcox_p_value","men_n","women_n"
"Dongou",265947.99794449,70184.0486742242,129973.533708742,38520.882138096,1.83478932747044,0.0736552313052444,565,0.111379155518965,50,18
