"Region","men_mean","men_median","women_mean","women_median","t_statistic","t_p_value","wilcox_statistic","wilcox_p_value","men_n","women_n"
"Enyelle",38632.690451744,29403.1593712758,33537.2654211833,25912.7851588169,0.401884974223918,0.69269375782723,151.5,0.974090100161869,12,25
