"Region","men_mean","men_median","women_mean","women_median","t_statistic","t_p_value","wilcox_statistic","wilcox_p_value","men_n","women_n"
"Betou",208594.799965363,28118.8563881436,23335.4702557123,14636.1759283919,3.09771799096952,0.00408281846122326,259,0.0287267302599955,30,12
